homeTeam,awayTeam,result,odds,date
Bodo/Glimt,Sandefjord,1:0,"['1.21', '6.81', '11.74']",2021-10-31
Valerenga,Brann,1:0,"['1.95', '3.72', '3.55']",2021-10-31
Viking,Sarpsborg 08,1:2,"['1.55', '4.32', '5.43']",2021-10-31
Odd,Mjondalen,2:2,"['1.65', '4.11', '4.80']",2021-10-31
Stromsgodset,Molde,6:0,"['4.71', '4.47', '1.60']",2021-10-31
Stabaek,Haugesund,2:1,"['2.83', '3.22', '2.52']",2021-10-31
Kristiansund,Tromso,1:1,"['2.12', '3.55', '3.27']",2021-10-30
Rosenborg,Lillestrom,1:3,"['1.61', '4.12', '5.13']",2021-10-30
Brann,Viking,0:2,"['2.30', '3.73', '2.76']",2021-10-28
Sarpsborg 08,Valerenga,2:1,"['2.24', '3.31', '3.21']",2021-10-28
Tromso,Odd,2:0,"['1.88', '3.56', '3.99']",2021-10-27
Sandefjord,Stromsgodset,2:0,"['2.13', '3.53', '3.23']",2021-10-27
Molde,Bodo/Glimt,0:2,"['1.91', '3.99', '3.50']",2021-10-27
Mjondalen,Kristiansund,5:0,"['3.27', '3.57', '2.11']",2021-10-27
Lillestrom,Stabaek,3:0,"['1.53', '4.21', '5.91']",2021-10-27
Haugesund,Rosenborg,0:0,"['2.65', '3.50', '2.51']",2021-10-27
Kristiansund,Sarpsborg 08,1:3,"['1.86', '3.71', '3.97']",2021-10-24
Odd,Brann,3:3,"['2.78', '3.53', '2.39']",2021-10-24
Rosenborg,Sandefjord,4:1,"['1.39', '4.95', '7.26']",2021-10-24
Stromsgodset,Bodo/Glimt,1:1,"['4.08', '4.27', '1.72']",2021-10-24
Tromso,Mjondalen,1:0,"['1.49', '4.22', '6.60']",2021-10-24
Valerenga,Haugesund,2:1,"['1.81', '3.78', '4.14']",2021-10-24
Viking,Lillestrom,5:1,"['1.61', '4.38', '4.83']",2021-10-23
Stabaek,Molde,0:3,"['5.83', '4.65', '1.49']",2021-10-23
Brann,Stabaek,1:1,"['1.41', '4.63', '7.35']",2021-10-17
Haugesund,Mjondalen,7:0,"['1.61', '3.91', '5.58']",2021-10-17
Rosenborg,Valerenga,2:2,"['1.87', '3.81', '3.78']",2021-10-17
Sandefjord,Odd,0:0,"['2.39', '3.42', '2.88']",2021-10-17
Stromsgodset,Viking,0:1,"['2.37', '3.84', '2.65']",2021-10-17
Bodo/Glimt,Sarpsborg 08,2:1,"['1.30', '5.65', '8.99']",2021-10-17
Lillestrom,Kristiansund,0:0,"['2.09', '3.55', '3.35']",2021-10-16
Molde,Tromso,3:0,"['1.34', '5.46', '7.75']",2021-10-16
Mjondalen,Brann,1:1,"['3.10', '3.46', '2.22']",2021-10-03
Tromso,Haugesund,2:0,"['2.08', '3.38', '3.54']",2021-10-03
Valerenga,Stromsgodset,3:0,"['1.74', '3.98', '4.27']",2021-10-03
Kristiansund,Rosenborg,1:0,"['2.39', '3.53', '2.78']",2021-10-03
Stabaek,Bodo/Glimt,0:3,"['6.96', '4.62', '1.42']",2021-10-03
Odd,Molde,1:3,"['3.49', '3.94', '1.92']",2021-10-03
Sarpsborg 08,Lillestrom,2:1,"['2.11', '3.54', '3.29']",2021-10-02
Viking,Sandefjord,2:1,"['1.56', '4.33', '5.34']",2021-10-02
Stabaek,Stromsgodset,0:0,"['3.19', '3.78', '2.07']",2021-09-29
Molde,Viking,2:2,"['1.36', '5.48', '6.99']",2021-09-26
Rosenborg,Mjondalen,3:1,"['1.29', '5.52', '9.77']",2021-09-26
Sandefjord,Stabaek,0:3,"['1.64', '4.06', '4.88']",2021-09-26
Haugesund,Odd,1:3,"['1.69', '3.98', '4.58']",2021-09-26
Bodo/Glimt,Valerenga,1:0,"['1.38', '5.18', '6.92']",2021-09-26
Brann,Kristiansund,3:1,"['2.11', '3.69', '3.17']",2021-09-26
Lillestrom,Tromso,1:2,"['1.71', '3.80', '4.70']",2021-09-25
Stromsgodset,Sarpsborg 08,5:0,"['2.06', '3.48', '3.50']",2021-09-25
Mjondalen,Sandefjord,1:1,"['2.57', '3.33', '2.69']",2021-09-19
Sarpsborg 08,Rosenborg,1:3,"['2.79', '3.18', '2.58']",2021-09-19
Tromso,Brann,1:1,"['1.99', '3.63', '3.50']",2021-09-19
Valerenga,Molde,1:1,"['2.74', '3.69', '2.35']",2021-09-19
Viking,Bodo/Glimt,1:3,"['2.83', '3.77', '2.26']",2021-09-19
Odd,Lillestrom,2:3,"['2.24', '3.64', '2.96']",2021-09-18
Kristiansund,Haugesund,3:2,"['2.00', '3.69', '3.50']",2021-09-18
Bodo/Glimt,Odd,1:1,"['1.24', '6.61', '10.20']",2021-09-12
Molde,Mjondalen,4:0,"['1.22', '6.44', '11.22']",2021-09-12
Rosenborg,Tromso,3:2,"['1.59', '4.03', '5.31']",2021-09-12
Sandefjord,Valerenga,3:0,"['3.16', '3.51', '2.18']",2021-09-12
Stromsgodset,Kristiansund,1:2,"['2.28', '3.64', '2.88']",2021-09-12
Haugesund,Sarpsborg 08,2:1,"['1.91', '3.41', '4.08']",2021-09-12
Lillestrom,Brann,2:3,"['1.65', '4.01', '4.95']",2021-09-11
Stabaek,Viking,1:3,"['3.05', '3.58', '2.20']",2021-09-11
Tromso,Bodo/Glimt,2:3,"['3.48', '3.59', '2.02']",2021-08-29
Viking,Rosenborg,2:1,"['2.25', '3.57', '2.95']",2021-08-29
Valerenga,Stabaek,3:1,"['1.33', '5.33', '8.50']",2021-08-29
Sarpsborg 08,Sandefjord,5:0,"['2.16', '3.29', '3.38']",2021-08-29
Odd,Stromsgodset,0:1,"['2.05', '3.65', '3.35']",2021-08-29
Kristiansund,Molde,2:0,"['3.04', '3.83', '2.12']",2021-08-29
Brann,Haugesund,1:3,"['2.59', '3.36', '2.66']",2021-08-28
Mjondalen,Lillestrom,1:2,"['3.46', '3.37', '2.09']",2021-08-28
Bodo/Glimt,Kristiansund,3:0,"['1.40', '4.99', '6.70']",2021-08-22
Haugesund,Lillestrom,0:3,"['2.05', '3.37', '3.60']",2021-08-22
Rosenborg,Odd,5:0,"['1.65', '4.04', '4.85']",2021-08-22
Sandefjord,Tromso,1:1,"['2.09', '3.44', '3.41']",2021-08-22
Valerenga,Viking,1:1,"['1.61', '4.26', '4.87']",2021-08-22
Stromsgodset,Brann,3:1,"['1.88', '3.78', '3.76']",2021-08-21
Stabaek,Mjondalen,1:1,"['2.36', '3.23', '3.07']",2021-08-21
Brann,Sandefjord,3:2,"['2.06', '3.45', '3.49']",2021-08-15
Lillestrom,Bodo/Glimt,0:1,"['2.59', '3.45', '2.58']",2021-08-15
Mjondalen,Rosenborg,1:2,"['3.55', '3.44', '2.04']",2021-08-15
Odd,Haugesund,4:2,"['2.66', '3.43', '2.53']",2021-08-15
Tromso,Valerenga,1:1,"['2.20', '3.42', '3.17']",2021-08-15
Viking,Molde,3:2,"['2.63', '3.77', '2.40']",2021-08-15
Kristiansund,Stabaek,5:1,"['1.67', '4.02', '4.82']",2021-08-14
Sarpsborg 08,Stromsgodset,1:0,"['2.05', '3.55', '3.44']",2021-08-14
Stabaek,Sarpsborg 08,3:1,"['2.40', '3.13', '3.06']",2021-08-08
Viking,Kristiansund,3:2,"['1.91', '3.82', '3.61']",2021-08-08
Mjondalen,Tromso,2:3,"['2.52', '3.13', '2.87']",2021-08-08
Sandefjord,Lillestrom,1:1,"['2.74', '3.22', '2.58']",2021-08-08
Molde,Haugesund,5:4,"['1.53', '4.39', '5.56']",2021-08-08
Haugesund,Stromsgodset,2:1,"['1.62', '4.18', '4.90']",2021-07-28
Mjondalen,Stabaek,1:2,"['1.93', '3.46', '3.90']",2021-07-28
Odd,Sandefjord,2:3,"['1.98', '3.47', '3.68']",2021-07-28
Lillestrom,Sarpsborg 08,2:0,"['1.81', '3.44', '4.56']",2021-07-28
Stabaek,Lillestrom,2:3,"['3.26', '3.45', '2.14']",2021-07-21
Stromsgodset,Odd,3:0,"['2.06', '3.67', '3.29']",2021-07-21
Sarpsborg 08,Mjondalen,1:1,"['1.98', '3.14', '4.19']",2021-07-21
Sandefjord,Haugesund,1:1,"['2.82', '3.29', '2.47']",2021-07-21
Haugesund,Valerenga,3:1,"['2.73', '3.37', '2.50']",2021-07-18
Kristiansund,Sandefjord,2:0,"['1.78', '3.72', '4.31']",2021-07-18
Lillestrom,Molde,1:1,"['3.84', '3.77', '1.86']",2021-07-18
Stromsgodset,Stabaek,2:1,"['1.70', '4.13', '4.28']",2021-07-18
Tromso,Rosenborg,1:3,"['2.41', '3.21', '2.97']",2021-07-18
Brann,Mjondalen,1:1,"['2.03', '3.35', '3.70']",2021-07-18
Odd,Viking,3:2,"['1.89', '3.87', '3.66']",2021-07-17
Sarpsborg 08,Bodo/Glimt,2:2,"['3.48', '3.31', '2.12']",2021-07-17
Valerenga,Lillestrom,2:2,"['1.66', '3.91', '4.93']",2021-07-11
Molde,Odd,5:0,"['1.29', '5.73', '8.74']",2021-07-11
Brann,Tromso,1:1,"['2.07', '3.44', '3.45']",2021-07-10
Rosenborg,Kristiansund,1:0,"['1.56', '4.29', '5.26']",2021-07-10
Sandefjord,Sarpsborg 08,2:0,"['2.30', '3.13', '3.26']",2021-07-10
Viking,Stromsgodset,1:1,"['1.69', '4.26', '4.20']",2021-07-10
Mjondalen,Haugesund,3:0,"['3.11', '3.12', '2.39']",2021-07-10
Kristiansund,Brann,3:2,"['2.06', '3.59', '3.31']",2021-07-05
Sarpsborg 08,Molde,1:0,"['4.58', '3.90', '1.70']",2021-07-04
Stromsgodset,Valerenga,1:1,"['3.86', '3.95', '1.81']",2021-07-04
Stabaek,Sandefjord,0:2,"['2.25', '3.46', '3.04']",2021-07-04
Odd,Rosenborg,2:2,"['2.59', '3.38', '2.61']",2021-07-04
Lillestrom,Mjondalen,2:1,"['1.73', '3.59', '4.89']",2021-07-04
Haugesund,Tromso,3:0,"['1.85', '3.50', '4.24']",2021-07-04
Bodo/Glimt,Viking,2:2,"['1.31', '5.96', '7.68']",2021-07-03
Mjondalen,Odd,1:2,"['2.62', '3.26', '2.65']",2021-07-01
Valerenga,Sarpsborg 08,4:1,"['1.44', '4.48', '6.95']",2021-07-01
Sandefjord,Bodo/Glimt,1:0,"['3.88', '3.75', '1.86']",2021-06-30
Tromso,Kristiansund,0:0,"['2.08', '3.40', '3.48']",2021-06-30
Viking,Stabaek,3:3,"['1.51', '4.54', '5.52']",2021-06-30
Rosenborg,Haugesund,0:0,"['1.72', '3.84', '4.54']",2021-06-30
Brann,Lillestrom,1:1,"['2.37', '3.38', '2.90']",2021-06-30
Molde,Stromsgodset,3:0,"['1.25', '6.41', '9.42']",2021-06-30
Bodo/Glimt,Stabaek,4:1,"['1.15', '8.02', '13.84']",2021-06-27
Lillestrom,Rosenborg,2:0,"['2.68', '3.36', '2.53']",2021-06-25
Sarpsborg 08,Viking,1:2,"['2.01', '3.47', '3.60']",2021-06-25
Odd,Tromso,3:0,"['1.97', '3.37', '3.85']",2021-06-24
Stromsgodset,Sandefjord,4:0,"['1.72', '4.00', '4.30']",2021-06-24
Stabaek,Valerenga,0:2,"['3.51', '3.56', '2.01']",2021-06-24
Kristiansund,Mjondalen,1:1,"['1.82', '3.58', '4.20']",2021-06-24
Haugesund,Brann,1:0,"['1.66', '3.96', '4.81']",2021-06-24
Bodo/Glimt,Molde,0:2,"['1.93', '3.92', '3.43']",2021-06-24
Brann,Odd,1:3,"['2.04', '3.54', '3.46']",2021-06-20
Haugesund,Kristiansund,3:0,"['2.02', '3.41', '3.62']",2021-06-20
Mjondalen,Stromsgodset,1:1,"['2.28', '3.36', '3.06']",2021-06-20
Molde,Stabaek,2:1,"['1.31', '5.48', '8.49']",2021-06-20
Rosenborg,Sarpsborg 08,0:1,"['1.47', '4.21', '6.79']",2021-06-20
Tromso,Lillestrom,1:2,"['2.05', '3.42', '3.54']",2021-06-20
Valerenga,Bodo/Glimt,1:1,"['2.33', '3.65', '2.77']",2021-06-20
Sandefjord,Viking,3:0,"['2.88', '3.51', '2.32']",2021-06-19
Valerenga,Odd,1:1,"['1.60', '4.06', '5.23']",2021-06-16
Bodo/Glimt,Stromsgodset,7:2,"['1.36', '5.26', '7.29']",2021-06-16
Molde,Sarpsborg 08,4:1,"['1.39', '4.85', '7.33']",2021-06-16
Stabaek,Tromso,0:3,"['2.25', '3.29', '3.14']",2021-06-14
Bodo/Glimt,Mjondalen,2:0,"['1.32', '5.55', '8.25']",2021-06-13
Lillestrom,Haugesund,2:1,"['2.69', '3.21', '2.63']",2021-06-13
Sarpsborg 08,Brann,0:0,"['2.26', '3.27', '3.16']",2021-06-13
Stromsgodset,Rosenborg,2:1,"['3.10', '3.68', '2.11']",2021-06-13
Viking,Valerenga,4:1,"['2.75', '3.64', '2.34']",2021-06-13
Kristiansund,Odd,2:0,"['1.98', '3.48', '3.72']",2021-06-12
Sandefjord,Molde,1:3,"['4.30', '3.80', '1.76']",2021-06-12
Odd,Bodo/Glimt,1:0,"['3.67', '3.81', '1.89']",2021-05-30
Valerenga,Sandefjord,3:1,"['1.35', '5.06', '7.84']",2021-05-30
Tromso,Sarpsborg 08,0:2,"['1.98', '3.34', '3.84']",2021-05-30
Rosenborg,Stabaek,4:2,"['1.41', '4.74', '6.99']",2021-05-30
Haugesund,Viking,4:2,"['2.14', '3.45', '3.25']",2021-05-30
Mjondalen,Molde,0:0,"['4.63', '3.93', '1.68']",2021-05-30
Kristiansund,Lillestrom,1:0,"['2.01', '3.51', '3.58']",2021-05-30
Brann,Stromsgodset,3:0,"['2.08', '3.58', '3.30']",2021-05-30
Viking,Mjondalen,2:1,"['1.77', '3.77', '4.31']",2021-05-27
Stromsgodset,Tromso,1:1,"['2.09', '3.61', '3.28']",2021-05-27
Stabaek,Brann,2:0,"['2.29', '3.49', '2.93']",2021-05-27
Sarpsborg 08,Kristiansund,0:1,"['2.20', '3.27', '3.33']",2021-05-27
Sandefjord,Rosenborg,1:2,"['4.35', '3.54', '1.83']",2021-05-27
Bodo/Glimt,Haugesund,2:0,"['1.42', '4.77', '6.75']",2021-05-27
Molde,Valerenga,2:3,"['1.75', '4.00', '4.15']",2021-05-27
Lillestrom,Odd,1:0,"['2.38', '3.27', '2.96']",2021-05-27
Mjondalen,Valerenga,1:1,"['4.71', '3.85', '1.69']",2021-05-24
Tromso,Sandefjord,1:3,"['1.63', '3.79', '5.41']",2021-05-24
Rosenborg,Molde,2:3,"['2.53', '3.58', '2.59']",2021-05-24
Odd,Sarpsborg 08,1:1,"['2.27', '3.23', '3.23']",2021-05-24
Brann,Bodo/Glimt,1:2,"['4.35', '4.12', '1.69']",2021-05-24
Lillestrom,Viking,1:3,"['2.19', '3.50', '3.14']",2021-05-24
Haugesund,Stabaek,0:0,"['1.98', '3.44', '3.74']",2021-05-24
Kristiansund,Stromsgodset,1:0,"['1.97', '3.57', '3.65']",2021-05-24
Rosenborg,Brann,3:2,"['1.41', '4.71', '6.80']",2021-05-20
Stabaek,Odd,2:2,"['2.17', '3.44', '3.22']",2021-05-19
Sarpsborg 08,Haugesund,0:0,"['2.42', '3.18', '2.99']",2021-05-16
Viking,Tromso,0:1,"['1.92', '3.71', '3.69']",2021-05-16
Valerenga,Kristiansund,1:2,"['1.50', '4.24', '6.27']",2021-05-16
Stromsgodset,Lillestrom,3:1,"['2.66', '3.36', '2.57']",2021-05-16
Sandefjord,Mjondalen,0:3,"['2.60', '3.11', '2.80']",2021-05-16
Molde,Brann,4:0,"['1.29', '5.67', '8.95']",2021-05-16
Bodo/Glimt,Rosenborg,2:2,"['2.08', '3.63', '3.27']",2021-05-16
Rosenborg,Viking,5:0,"['1.58', '4.25', '5.03']",2021-05-13
Tromso,Molde,3:3,"['4.23', '3.63', '1.80']",2021-05-13
Brann,Valerenga,0:3,"['3.18', '3.43', '2.19']",2021-05-12
Kristiansund,Bodo/Glimt,0:2,"['3.42', '3.57', '2.04']",2021-05-12
Valerenga,Rosenborg,1:1,"['2.11', '3.57', '3.28']",2021-05-09
Viking,Brann,3:1,"['2.04', '3.70', '3.33']",2021-05-09
Bodo/Glimt,Tromso,3:0,"['1.46', '4.68', '6.16']",2021-05-09
Molde,Kristiansund,2:0,"['1.42', '4.85', '6.71']",2021-05-09
Brann,Odd,2:1,"['1.90', '3.95', '3.56']",2020-12-22
Kristiansund,Haugesund,1:3,"['1.53', '4.59', '5.20']",2020-12-22
Mjondalen,Aalesund,3:0,"['1.26', '6.17', '9.51']",2020-12-22
Sandefjord,Rosenborg,0:0,"['5.63', '3.93', '1.59']",2020-12-22
Stromsgodset,Stabaek,0:4,"['2.32', '3.80', '2.72']",2020-12-22
Valerenga,Start,4:0,"['1.64', '3.99', '4.97']",2020-12-22
Bodo/Glimt,Viking,3:0,"['1.24', '7.00', '9.00']",2020-12-19
Molde,Sarpsborg 08,5:0,"['1.28', '5.98', '9.03']",2020-12-19
Odd,Stromsgodset,1:3,"['2.76', '3.84', '2.30']",2020-12-19
Odd,Molde,1:4,"['2.58', '3.72', '2.46']",2020-12-16
Stabaek,Kristiansund,2:2,"['3.12', '3.46', '2.22']",2020-12-13
Rosenborg,Molde,3:1,"['2.03', '3.80', '3.29']",2020-12-13
Sandefjord,Odd,1:1,"['3.82', '3.73', '1.88']",2020-12-13
Viking,Valerenga,2:2,"['2.73', '3.71', '2.35']",2020-12-10
Rosenborg,Mjondalen,1:0,"['1.40', '4.73', '7.34']",2020-12-10
Sarpsborg 08,Sandefjord,0:0,"['2.09', '3.06', '3.90']",2020-12-09
Start,Brann,1:1,"['2.02', '3.66', '3.41']",2020-12-09
Kristiansund,Odd,4:3,"['1.72', '4.05', '4.28']",2020-12-09
Aalesund,Stromsgodset,1:4,"['5.18', '4.49', '1.55']",2020-12-09
Haugesund,Bodo/Glimt,0:4,"['4.30', '4.35', '1.67']",2020-12-09
Valerenga,Rosenborg,1:0,"['2.32', '3.45', '2.95']",2020-12-07
Bodo/Glimt,Stabaek,5:2,"['1.27', '6.28', '8.90']",2020-12-06
Brann,Sarpsborg 08,1:1,"['1.88', '3.48', '4.15']",2020-12-06
Mjondalen,Start,1:0,"['2.63', '3.44', '2.55']",2020-12-06
Sandefjord,Viking,2:2,"['2.51', '3.57', '2.62']",2020-12-06
Stromsgodset,Haugesund,2:2,"['1.94', '3.75', '3.58']",2020-12-06
Molde,Aalesund,2:1,"['1.11', '9.43', '17.68']",2020-12-06
Aalesund,Sandefjord,0:1,"['2.96', '3.48', '2.30']",2020-12-02
Haugesund,Mjondalen,1:1,"['2.06', '3.37', '3.59']",2020-12-02
Sarpsborg 08,Kristiansund,1:1,"['2.64', '3.34', '2.62']",2020-12-02
Stabaek,Valerenga,1:1,"['3.49', '3.59', '2.01']",2020-12-02
Start,Bodo/Glimt,1:1,"['3.83', '4.31', '1.76']",2020-12-02
Viking,Brann,2:0,"['2.00', '3.95', '3.24']",2020-12-02
Molde,Haugesund,3:1,"['1.40', '4.88', '6.89']",2020-11-29
Valerenga,Sarpsborg 08,1:1,"['1.57', '4.10', '5.57']",2020-11-29
Kristiansund,Stromsgodset,2:1,"['1.95', '3.76', '3.54']",2020-11-29
Mjondalen,Stabaek,0:1,"['2.65', '3.13', '2.75']",2020-11-29
Bodo/Glimt,Rosenborg,5:1,"['2.14', '3.84', '2.99']",2020-11-29
Brann,Aalesund,3:1,"['1.29', '5.71', '9.22']",2020-11-28
Viking,Start,4:1,"['2.09', '3.70', '3.19']",2020-11-28
Rosenborg,Brann,2:3,"['1.61', '4.11', '5.10']",2020-11-24
Odd,Start,1:2,"['1.62', '4.18', '4.92']",2020-11-22
Sarpsborg 08,Viking,1:2,"['2.15', '3.50', '3.21']",2020-11-22
Stromsgodset,Bodo/Glimt,1:2,"['3.67', '4.27', '1.80']",2020-11-22
Kristiansund,Mjondalen,1:0,"['1.68', '3.86', '4.83']",2020-11-22
Haugesund,Sandefjord,3:2,"['1.77', '3.49', '4.74']",2020-11-22
Aalesund,Valerenga,1:1,"['7.91', '5.35', '1.34']",2020-11-21
Stabaek,Molde,0:3,"['3.56', '3.65', '1.98']",2020-11-21
Bodo/Glimt,Aalesund,7:0,"['1.14', '8.31', '15.48']",2020-11-08
Molde,Kristiansund,2:2,"['1.48', '4.70', '5.78']",2020-11-08
Sandefjord,Stabaek,0:0,"['3.07', '3.21', '2.36']",2020-11-08
Start,Sarpsborg 08,3:2,"['2.69', '3.40', '2.52']",2020-11-08
Valerenga,Odd,2:0,"['1.85', '3.87', '3.83']",2020-11-08
Viking,Rosenborg,3:0,"['4.05', '4.12', '1.75']",2020-11-08
Mjondalen,Stromsgodset,3:0,"['2.91', '3.39', '2.38']",2020-11-07
Brann,Haugesund,1:2,"['2.17', '3.44', '3.23']",2020-11-07
Odd,Viking,3:0,"['1.66', '4.22', '4.46']",2020-11-04
Kristiansund,Bodo/Glimt,2:3,"['3.28', '4.03', '1.97']",2020-11-01
Mjondalen,Molde,1:3,"['4.53', '3.95', '1.71']",2020-11-01
Rosenborg,Start,1:0,"['1.35', '5.14', '7.97']",2020-11-01
Sandefjord,Brann,3:3,"['3.13', '3.27', '2.29']",2020-11-01
Stabaek,Viking,1:1,"['2.06', '3.75', '3.23']",2020-11-01
Stromsgodset,Valerenga,0:2,"['2.90', '3.85', '2.19']",2020-11-01
Haugesund,Aalesund,0:1,"['1.45', '4.51', '6.64']",2020-10-31
Odd,Sarpsborg 08,1:1,"['1.80', '3.76', '4.16']",2020-10-31
Viking,Haugesund,0:1,"['2.29', '3.53', '2.93']",2020-10-27
Aalesund,Odd,0:3,"['3.73', '3.99', '1.84']",2020-10-25
Bodo/Glimt,Mjondalen,2:0,"['1.26', '6.00', '9.67']",2020-10-25
Molde,Stromsgodset,2:1,"['1.28', '5.96', '8.73']",2020-10-25
Sarpsborg 08,Rosenborg,1:2,"['3.43', '3.37', '2.11']",2020-10-25
Valerenga,Kristiansund,1:1,"['1.60', '4.31', '4.88']",2020-10-25
Brann,Stabaek,1:1,"['2.01', '3.61', '3.48']",2020-10-24
Start,Sandefjord,0:1,"['1.91', '3.55', '3.88']",2020-10-24
Sandefjord,Valerenga,0:3,"['4.02', '3.58', '1.88']",2020-10-18
Stabaek,Aalesund,4:0,"['1.81', '3.77', '4.14']",2020-10-18
Stromsgodset,Start,1:1,"['1.84', '3.95', '3.78']",2020-10-18
Kristiansund,Rosenborg,0:0,"['3.31', '3.71', '2.05']",2020-10-18
Haugesund,Sarpsborg 08,2:0,"['2.24', '3.30', '3.19']",2020-10-18
Mjondalen,Brann,2:0,"['2.98', '3.51', '2.26']",2020-10-17
Molde,Bodo/Glimt,4:2,"['1.66', '4.51', '4.19']",2020-10-17
Aalesund,Kristiansund,1:2,"['3.56', '3.88', '1.91']",2020-10-04
Bodo/Glimt,Sandefjord,2:1,"['1.24', '6.22', '10.40']",2020-10-04
Brann,Molde,1:2,"['2.92', '3.82', '2.19']",2020-10-04
Rosenborg,Odd,4:1,"['1.78', '3.93', '4.10']",2020-10-04
Start,Haugesund,5:1,"['2.83', '3.35', '2.44']",2020-10-04
Viking,Stromsgodset,2:2,"['1.87', '4.04', '3.58']",2020-10-04
Valerenga,Mjondalen,4:1,"['1.35', '5.03', '7.98']",2020-10-03
Sarpsborg 08,Stabaek,4:0,"['1.86', '3.59', '4.08']",2020-10-03
Aalesund,Rosenborg,1:2,"['4.50', '4.18', '1.67']",2020-09-27
Bodo/Glimt,Valerenga,2:0,"['1.62', '4.45', '4.57']",2020-09-27
Haugesund,Odd,4:4,"['2.51', '3.37', '2.73']",2020-09-27
Kristiansund,Brann,1:1,"['1.84', '4.04', '3.72']",2020-09-27
Mjondalen,Viking,1:2,"['3.22', '3.61', '2.11']",2020-09-27
Stabaek,Start,2:0,"['1.89', '3.59', '3.94']",2020-09-27
Molde,Sandefjord,0:1,"['1.35', '5.28', '7.47']",2020-09-26
Stromsgodset,Sarpsborg 08,0:0,"['2.27', '3.56', '2.93']",2020-09-26
Sandefjord,Stromsgodset,0:0,"['2.68', '3.25', '2.65']",2020-09-20
Viking,Aalesund,5:2,"['1.35', '5.46', '7.63']",2020-09-20
Start,Kristiansund,1:2,"['2.81', '3.59', '2.36']",2020-09-20
Odd,Stabaek,2:0,"['1.68', '3.97', '4.76']",2020-09-20
Rosenborg,Haugesund,2:1,"['1.86', '3.68', '4.00']",2020-09-20
Brann,Bodo/Glimt,1:3,"['4.91', '4.60', '1.57']",2020-09-20
Sarpsborg 08,Mjondalen,2:0,"['1.84', '3.47', '4.41']",2020-09-19
Valerenga,Molde,2:1,"['2.14', '3.80', '3.06']",2020-09-19
Aalesund,Sarpsborg 08,0:1,"['2.55', '3.40', '2.66']",2020-09-13
Bodo/Glimt,Odd,6:1,"['1.52', '4.65', '5.36']",2020-09-13
Mjondalen,Sandefjord,0:2,"['2.38', '3.13', '3.10']",2020-09-13
Stromsgodset,Rosenborg,3:3,"['3.73', '3.97', '1.85']",2020-09-13
Valerenga,Brann,5:1,"['1.84', '3.79', '3.97']",2020-09-13
Stabaek,Haugesund,2:1,"['2.55', '3.10', '2.88']",2020-09-12
Kristiansund,Viking,3:5,"['1.95', '4.03', '3.34']",2020-09-12
Odd,Mjondalen,6:1,"['1.62', '3.83', '5.45']",2020-08-30
Rosenborg,Stabaek,2:2,"['1.47', '4.62', '6.08']",2020-08-30
Sandefjord,Kristiansund,0:2,"['2.87', '3.37', '2.39']",2020-08-30
Sarpsborg 08,Bodo/Glimt,0:3,"['3.49', '3.95', '1.92']",2020-08-30
Start,Aalesund,1:0,"['2.21', '3.70', '2.96']",2020-08-30
Viking,Molde,3:2,"['3.14', '3.93', '2.04']",2020-08-30
Brann,Stromsgodset,1:1,"['1.72', '3.92', '4.42']",2020-08-29
Haugesund,Valerenga,2:1,"['2.49', '3.15', '2.92']",2020-08-29
Stabaek,Brann,0:2,"['2.68', '3.33', '2.55']",2020-08-24
Aalesund,Haugesund,1:3,"['2.81', '3.38', '2.44']",2020-08-22
Kristiansund,Sarpsborg 08,4:1,"['2.08', '3.58', '3.32']",2020-08-22
Mjondalen,Rosenborg,0:2,"['3.60', '3.46', '2.02']",2020-08-22
Molde,Odd,2:0,"['1.66', '4.09', '4.62']",2020-08-22
Stromsgodset,Viking,0:2,"['2.38', '3.73', '2.68']",2020-08-22
Valerenga,Sandefjord,2:1,"['1.56', '4.09', '5.65']",2020-08-22
Bodo/Glimt,Start,6:0,"['1.22', '6.63', '10.92']",2020-08-22
Start,Valerenga,2:1,"['2.87', '3.40', '2.39']",2020-08-17
Rosenborg,Aalesund,3:2,"['1.33', '5.43', '7.63']",2020-08-16
Viking,Stabaek,3:3,"['1.74', '3.82', '4.42']",2020-08-16
Sandefjord,Bodo/Glimt,1:2,"['4.98', '4.43', '1.57']",2020-08-16
Haugesund,Stromsgodset,2:3,"['1.95', '3.49', '3.80']",2020-08-16
Odd,Kristiansund,2:1,"['1.92', '3.57', '3.80']",2020-08-16
Brann,Mjondalen,0:1,"['1.63', '3.92', '5.20']",2020-08-16
Sarpsborg 08,Molde,2:1,"['3.58', '3.86', '1.91']",2020-08-15
Molde,Brann,1:2,"['1.52', '4.58', '5.40']",2020-08-10
Stromsgodset,Sandefjord,3:4,"['1.67', '4.04', '4.65']",2020-08-09
Rosenborg,Sarpsborg 08,5:1,"['1.87', '3.45', '4.19']",2020-08-09
Stabaek,Odd,0:1,"['2.87', '3.24', '2.46']",2020-08-09
Mjondalen,Haugesund,1:0,"['2.75', '3.11', '2.65']",2020-08-09
Aalesund,Viking,2:2,"['3.78', '3.98', '1.83']",2020-08-09
Kristiansund,Start,3:2,"['1.54', '4.33', '5.48']",2020-08-09
Valerenga,Bodo/Glimt,2:2,"['3.71', '4.04', '1.83']",2020-08-08
Molde,Start,5:0,"['1.30', '5.64', '8.91']",2020-08-05
Bodo/Glimt,Stromsgodset,3:2,"['1.17', '7.68', '12.84']",2020-08-02
Haugesund,Stabaek,3:1,"['2.05', '3.33', '3.65']",2020-08-02
Odd,Rosenborg,2:1,"['2.31', '3.34', '3.02']",2020-08-02
Sarpsborg 08,Aalesund,4:0,"['1.59', '4.04', '5.47']",2020-08-02
Start,Mjondalen,3:0,"['2.09', '3.40', '3.45']",2020-08-02
Viking,Kristiansund,1:2,"['1.88', '3.83', '3.70']",2020-08-02
Brann,Valerenga,1:2,"['2.04', '3.39', '3.62']",2020-08-01
Sandefjord,Molde,2:1,"['4.92', '4.01', '1.63']",2020-08-01
Stabaek,Bodo/Glimt,2:2,"['4.50', '4.26', '1.66']",2020-07-30
Rosenborg,Viking,3:0,"['1.98', '3.71', '3.49']",2020-07-30
Aalesund,Start,3:2,"['2.26', '3.43', '3.07']",2020-07-29
Kristiansund,Sandefjord,3:1,"['1.49', '4.38', '6.13']",2020-07-29
Mjondalen,Odd,0:2,"['2.99', '3.30', '2.37']",2020-07-29
Molde,Valerenga,4:1,"['1.67', '4.00', '4.74']",2020-07-29
Sarpsborg 08,Haugesund,0:0,"['2.28', '3.16', '3.28']",2020-07-29
Stromsgodset,Brann,3:1,"['2.89', '3.55', '2.32']",2020-07-29
Start,Stabaek,0:0,"['2.72', '3.43', '2.45']",2020-07-26
Viking,Sarpsborg 08,3:0,"['2.45', '3.36', '2.81']",2020-07-26
Valerenga,Stromsgodset,2:0,"['2.05', '3.57', '3.42']",2020-07-26
Haugesund,Rosenborg,1:0,"['2.85', '3.20', '2.50']",2020-07-26
Sandefjord,Mjondalen,1:0,"['3.03', '3.21', '2.39']",2020-07-26
Bodo/Glimt,Molde,3:1,"['1.77', '4.23', '3.82']",2020-07-26
Brann,Kristiansund,1:1,"['2.12', '3.52', '3.22']",2020-07-25
Odd,Aalesund,3:2,"['1.78', '3.81', '4.24']",2020-07-25
Aalesund,Stabaek,1:3,"['2.40', '3.41', '2.81']",2020-07-19
Brann,Start,1:1,"['1.68', '3.87', '4.68']",2020-07-19
Kristiansund,Valerenga,0:0,"['2.01', '3.60', '3.47']",2020-07-19
Rosenborg,Sandefjord,2:1,"['1.40', '4.76', '6.98']",2020-07-19
Sarpsborg 08,Odd,2:0,"['2.06', '3.35', '3.55']",2020-07-19
Stromsgodset,Molde,0:4,"['5.15', '4.44', '1.55']",2020-07-19
Haugesund,Viking,0:2,"['2.12', '3.38', '3.35']",2020-07-18
Mjondalen,Bodo/Glimt,2:3,"['6.61', '4.99', '1.40']",2020-07-18
Stabaek,Sarpsborg 08,1:1,"['2.77', '3.09', '2.64']",2020-07-16
Start,Rosenborg,0:0,"['4.86', '4.09', '1.63']",2020-07-16
Stromsgodset,Mjondalen,2:1,"['2.62', '3.45', '2.54']",2020-07-15
Valerenga,Haugesund,1:0,"['2.41', '3.24', '2.92']",2020-07-15
Sandefjord,Aalesund,1:0,"['2.65', '3.46', '2.51']",2020-07-15
Odd,Brann,1:0,"['2.64', '3.32', '2.60']",2020-07-15
Bodo/Glimt,Kristiansund,2:1,"['1.24', '6.52', '9.26']",2020-07-15
Molde,Viking,5:0,"['1.30', '5.73', '8.37']",2020-07-15
Aalesund,Bodo/Glimt,1:6,"['6.41', '5.26', '1.39']",2020-07-12
Brann,Sandefjord,3:1,"['1.54', '4.02', '5.91']",2020-07-12
Kristiansund,Stabaek,1:2,"['1.70', '3.91', '4.53']",2020-07-12
Mjondalen,Valerenga,0:1,"['2.80', '3.25', '2.50']",2020-07-12
Sarpsborg 08,Start,1:0,"['1.57', '3.89', '5.83']",2020-07-12
Viking,Odd,1:2,"['2.19', '3.55', '3.05']",2020-07-12
Rosenborg,Stromsgodset,3:0,"['1.34', '5.10', '8.02']",2020-07-11
Haugesund,Molde,0:3,"['3.86', '3.75', '1.85']",2020-07-11
Bodo/Glimt,Brann,5:0,"['1.50', '4.62', '5.54']",2020-07-05
Molde,Mjondalen,2:1,"['1.42', '4.73', '6.69']",2020-07-05
Odd,Haugesund,0:0,"['2.47', '3.26', '2.84']",2020-07-05
Sandefjord,Sarpsborg 08,0:3,"['3.44', '3.20', '2.16']",2020-07-05
Stabaek,Rosenborg,0:3,"['3.06', '3.35', '2.27']",2020-07-05
Stromsgodset,Kristiansund,2:2,"['2.73', '3.58', '2.38']",2020-07-05
Start,Viking,1:1,"['2.63', '3.55', '2.48']",2020-07-04
Valerenga,Aalesund,2:2,"['1.62', '4.10', '4.96']",2020-07-04
Sarpsborg 08,Brann,0:1,"['2.66', '3.17', '2.68']",2020-07-02
Kristiansund,Molde,2:2,"['3.65', '3.95', '1.86']",2020-07-02
Aalesund,Mjondalen,1:3,"['2.84', '3.32', '2.43']",2020-07-01
Haugesund,Start,1:0,"['1.76', '3.77', '4.31']",2020-07-01
Odd,Bodo/Glimt,0:4,"['3.16', '3.62', '2.12']",2020-07-01
Rosenborg,Valerenga,1:1,"['1.73', '3.75', '4.55']",2020-07-01
Stabaek,Stromsgodset,2:0,"['1.93', '3.55', '3.78']",2020-07-01
Viking,Sandefjord,2:0,"['1.64', '3.98', '4.95']",2020-07-01
Bodo/Glimt,Sarpsborg 08,2:1,"['1.56', '4.16', '5.45']",2020-06-28
Brann,Rosenborg,1:2,"['2.42', '3.23', '2.91']",2020-06-28
Mjondalen,Kristiansund,1:2,"['2.60', '3.20', '2.72']",2020-06-28
Molde,Stabaek,4:1,"['1.52', '4.34', '5.69']",2020-06-28
Sandefjord,Haugesund,0:1,"['3.16', '3.28', '2.25']",2020-06-28
Stromsgodset,Aalesund,1:1,"['1.96', '3.66', '3.55']",2020-06-28
Start,Odd,0:5,"['2.50', '3.50', '2.63']",2020-06-27
Valerenga,Viking,2:1,"['2.02', '3.66', '3.39']",2020-06-27
Rosenborg,Bodo/Glimt,2:3,"['2.14', '3.58', '3.16']",2020-06-25
Sarpsborg 08,Stromsgodset,2:3,"['2.01', '3.45', '3.63']",2020-06-25
Stabaek,Sandefjord,2:0,"['2.00', '3.35', '3.78']",2020-06-24
Start,Molde,2:3,"['5.69', '4.28', '1.52']",2020-06-24
Viking,Mjondalen,1:1,"['2.13', '3.38', '3.35']",2020-06-24
Odd,Valerenga,4:1,"['2.44', '3.24', '2.88']",2020-06-24
Haugesund,Kristiansund,2:2,"['2.35', '3.29', '2.98']",2020-06-24
Aalesund,Brann,2:2,"['3.11', '3.41', '2.21']",2020-06-24
Sandefjord,Start,2:2,"['2.25', '3.40', '3.07']",2020-06-21
Valerenga,Stabaek,2:2,"['2.16', '3.18', '3.50']",2020-06-21
Stromsgodset,Odd,1:0,"['2.44', '3.43', '2.76']",2020-06-21
Bodo/Glimt,Haugesund,6:1,"['1.69', '3.95', '4.57']",2020-06-21
Kristiansund,Aalesund,7:2,"['2.29', '3.27', '3.13']",2020-06-21
Brann,Viking,3:0,"['1.99', '3.60', '3.52']",2020-06-21
Mjondalen,Sarpsborg 08,1:0,"['3.26', '3.14', '2.28']",2020-06-20
Molde,Rosenborg,1:0,"['2.18', '3.44', '3.16']",2020-06-20
Haugesund,Brann,1:2,"['2.33', '3.23', '3.08']",2020-06-17
Start,Stromsgodset,2:2,"['2.64', '3.49', '2.50']",2020-06-17
Aalesund,Molde,1:4,"['3.61', '3.66', '1.95']",2020-06-16
Odd,Sandefjord,1:2,"['1.78', '3.71', '4.32']",2020-06-16
Rosenborg,Kristiansund,0:0,"['1.61', '3.90', '5.36']",2020-06-16
Sarpsborg 08,Valerenga,0:1,"['2.38', '3.25', '2.98']",2020-06-16
Stabaek,Mjondalen,0:0,"['1.94', '3.41', '3.92']",2020-06-16
Viking,Bodo/Glimt,2:4,"['2.18', '3.57', '3.07']",2020-06-16
Mjondalen,Valerenga,1:0,"['1.79', '3.86', '4.10']",2019-12-01
Tromso,Stabaek,1:1,"['1.70', '3.98', '4.50']",2019-12-01
Molde,Bodo/Glimt,4:2,"['1.86', '3.96', '3.68']",2019-12-01
Rosenborg,Ranheim,3:2,"['1.35', '5.60', '6.69']",2019-12-01
Lillestrom,Sarpsborg 08,0:0,"['2.52', '3.01', '2.98']",2019-12-01
Haugesund,Odd,4:1,"['2.74', '3.20', '2.59']",2019-12-01
Brann,Viking,1:5,"['1.73', '3.96', '4.32']",2019-12-01
Kristiansund,Stromsgodset,1:2,"['2.74', '3.55', '2.39']",2019-12-01
Stabaek,Mjondalen,4:2,"['2.26', '3.42', '3.02']",2019-11-24
Viking,Rosenborg,2:2,"['3.38', '3.71', '2.01']",2019-11-24
Stromsgodset,Brann,6:0,"['1.74', '3.86', '4.30']",2019-11-24
Valerenga,Molde,2:4,"['2.44', '3.49', '2.72']",2019-11-24
Sarpsborg 08,Haugesund,1:1,"['1.71', '3.69', '4.87']",2019-11-24
Ranheim,Lillestrom,2:1,"['2.24', '3.35', '3.13']",2019-11-24
Odd,Tromso,2:1,"['1.45', '4.55', '6.40']",2019-11-24
Bodo/Glimt,Kristiansund,3:0,"['1.40', '4.86', '7.07']",2019-11-24
Kristiansund,Sarpsborg 08,4:0,"['2.72', '3.37', '2.50']",2019-11-10
Lillestrom,Stabaek,1:3,"['2.43', '3.18', '2.98']",2019-11-10
Mjondalen,Ranheim,3:1,"['1.86', '3.62', '4.04']",2019-11-10
Molde,Stromsgodset,4:0,"['1.58', '4.19', '5.23']",2019-11-10
Rosenborg,Bodo/Glimt,3:2,"['1.56', '4.43', '5.10']",2019-11-10
Tromso,Valerenga,0:0,"['2.24', '3.62', '2.94']",2019-11-10
Haugesund,Viking,1:0,"['2.08', '3.60', '3.28']",2019-11-09
Brann,Odd,1:0,"['2.57', '3.24', '2.75']",2019-11-08
Odd,Mjondalen,3:2,"['1.66', '3.72', '5.20']",2019-11-04
Bodo/Glimt,Haugesund,2:2,"['1.35', '5.04', '7.80']",2019-11-03
Viking,Lillestrom,3:0,"['1.67', '4.06', '4.56']",2019-11-03
Ranheim,Stabaek,0:2,"['2.40', '3.40', '2.83']",2019-11-03
Sarpsborg 08,Tromso,3:2,"['1.51', '4.23', '5.98']",2019-11-03
Valerenga,Brann,1:0,"['1.99', '3.42', '3.72']",2019-11-03
Molde,Kristiansund,2:0,"['1.40', '4.87', '6.87']",2019-11-02
Stromsgodset,Rosenborg,3:3,"['3.41', '3.49', '2.06']",2019-11-01
Brann,Bodo/Glimt,1:1,"['2.60', '3.42', '2.59']",2019-10-28
Haugesund,Stromsgodset,2:2,"['2.23', '3.35', '3.16']",2019-10-27
Kristiansund,Viking,4:2,"['1.77', '3.86', '4.16']",2019-10-27
Mjondalen,Sarpsborg 08,0:0,"['2.88', '3.32', '2.41']",2019-10-27
Rosenborg,Molde,3:1,"['1.83', '3.72', '4.05']",2019-10-27
Stabaek,Odd,0:0,"['2.66', '3.34', '2.58']",2019-10-27
Tromso,Ranheim,4:2,"['2.28', '3.47', '2.97']",2019-10-27
Lillestrom,Valerenga,0:0,"['2.89', '3.31', '2.41']",2019-10-26
Bodo/Glimt,Mjondalen,0:0,"['1.34', '5.35', '7.58']",2019-10-21
Molde,Haugesund,3:1,"['1.51', '4.27', '5.92']",2019-10-20
Ranheim,Odd,4:1,"['3.16', '3.46', '2.18']",2019-10-20
Sarpsborg 08,Brann,1:1,"['2.16', '3.30', '3.36']",2019-10-20
Stromsgodset,Lillestrom,1:1,"['1.95', '3.56', '3.72']",2019-10-20
Viking,Tromso,2:1,"['1.51', '4.43', '5.71']",2019-10-20
Valerenga,Stabaek,0:2,"['1.80', '3.71', '4.20']",2019-10-19
Kristiansund,Rosenborg,2:2,"['3.84', '3.59', '1.90']",2019-10-19
Brann,Molde,0:0,"['2.76', '3.42', '2.43']",2019-10-06
Lillestrom,Bodo/Glimt,0:0,"['3.01', '3.62', '2.20']",2019-10-06
Ranheim,Sarpsborg 08,0:2,"['2.63', '3.31', '2.63']",2019-10-06
Stabaek,Viking,0:0,"['2.39', '3.61', '2.71']",2019-10-06
Tromso,Kristiansund,5:0,"['2.47', '3.41', '2.73']",2019-10-06
Haugesund,Rosenborg,2:1,"['3.15', '3.34', '2.24']",2019-10-06
Odd,Valerenga,1:1,"['1.77', '3.74', '4.28']",2019-10-05
Mjondalen,Stromsgodset,1:1,"['2.34', '3.37', '2.93']",2019-10-04
Viking,Mjondalen,4:1,"['1.95', '3.74', '3.50']",2019-09-30
Sarpsborg 08,Stabaek,0:0,"['1.94', '3.55', '3.80']",2019-09-29
Valerenga,Ranheim,1:1,"['1.68', '3.97', '4.60']",2019-09-29
Stromsgodset,Odd,2:3,"['2.89', '3.44', '2.34']",2019-09-29
Bodo/Glimt,Tromso,4:0,"['1.42', '4.75', '6.65']",2019-09-29
Molde,Lillestrom,2:1,"['1.48', '4.47', '6.09']",2019-09-29
Kristiansund,Haugesund,2:2,"['2.17', '3.33', '3.29']",2019-09-29
Rosenborg,Brann,0:0,"['1.49', '4.20', '6.57']",2019-09-28
Stabaek,Molde,1:2,"['3.23', '3.69', '2.07']",2019-09-23
Valerenga,Viking,0:4,"['1.74', '4.05', '4.17']",2019-09-22
Ranheim,Bodo/Glimt,1:1,"['3.12', '3.69', '2.11']",2019-09-22
Tromso,Stromsgodset,0:1,"['2.13', '3.48', '3.26']",2019-09-22
Odd,Sarpsborg 08,3:0,"['2.06', '3.40', '3.51']",2019-09-22
Lillestrom,Kristiansund,1:1,"['2.14', '3.44', '3.28']",2019-09-22
Mjondalen,Rosenborg,1:2,"['4.09', '3.68', '1.83']",2019-09-22
Brann,Haugesund,0:0,"['2.06', '3.31', '3.62']",2019-09-21
Sarpsborg 08,Valerenga,1:0,"['2.24', '3.54', '2.99']",2019-09-16
Bodo/Glimt,Stabaek,3:3,"['1.52', '4.39', '5.63']",2019-09-15
Haugesund,Mjondalen,0:0,"['1.78', '3.62', '4.42']",2019-09-15
Kristiansund,Brann,1:0,"['2.85', '3.22', '2.48']",2019-09-15
Molde,Tromso,3:0,"['1.22', '6.52', '10.51']",2019-09-15
Stromsgodset,Ranheim,1:0,"['1.97', '3.51', '3.70']",2019-09-15
Viking,Odd,2:0,"['2.59', '3.46', '2.58']",2019-09-15
Rosenborg,Lillestrom,3:1,"['1.38', '4.82', '7.58']",2019-09-14
Lillestrom,Brann,1:3,"['2.81', '3.25', '2.50']",2019-09-01
Mjondalen,Molde,1:3,"['3.14', '3.52', '2.17']",2019-09-01
Ranheim,Kristiansund,1:2,"['2.28', '3.35', '3.05']",2019-09-01
Sarpsborg 08,Viking,2:2,"['1.75', '3.82', '4.38']",2019-09-01
Tromso,Haugesund,2:2,"['2.59', '3.33', '2.65']",2019-09-01
Valerenga,Rosenborg,1:1,"['3.45', '3.61', '2.01']",2019-09-01
Stabaek,Stromsgodset,2:1,"['1.91', '3.56', '3.86']",2019-08-31
Odd,Bodo/Glimt,3:1,"['2.17', '3.48', '3.15']",2019-08-30
Bodo/Glimt,Valerenga,4:0,"['1.74', '3.93', '4.23']",2019-08-26
Brann,Tromso,2:3,"['1.37', '4.92', '7.75']",2019-08-25
Stromsgodset,Sarpsborg 08,2:1,"['2.79', '3.23', '2.52']",2019-08-25
Viking,Ranheim,2:2,"['1.77', '3.91', '4.13']",2019-08-25
Haugesund,Lillestrom,0:2,"['1.74', '3.68', '4.62']",2019-08-25
Molde,Odd,2:2,"['1.80', '3.71', '4.18']",2019-08-25
Kristiansund,Mjondalen,4:0,"['2.07', '3.43', '3.50']",2019-08-25
Rosenborg,Stabaek,3:2,"['1.37', '4.72', '8.32']",2019-08-24
Sarpsborg 08,Bodo/Glimt,1:1,"['2.23', '3.52', '2.99']",2019-08-19
Mjondalen,Brann,2:1,"['3.74', '3.54', '1.95']",2019-08-18
Ranheim,Molde,2:3,"['3.85', '3.83', '1.84']",2019-08-18
Tromso,Lillestrom,1:1,"['2.33', '3.34', '2.98']",2019-08-18
Valerenga,Haugesund,1:2,"['1.75', '3.78', '4.40']",2019-08-18
Viking,Stromsgodset,4:0,"['1.94', '3.76', '3.55']",2019-08-18
Stabaek,Kristiansund,2:0,"['2.18', '3.40', '3.24']",2019-08-18
Odd,Rosenborg,1:1,"['2.10', '3.35', '3.47']",2019-08-17
Kristiansund,Bodo/Glimt,1:2,"['2.59', '3.53', '2.51']",2019-08-14
Viking,Sarpsborg 08,2:1,"['2.98', '3.52', '2.25']",2019-08-14
Stabaek,Valerenga,1:1,"['3.16', '3.46', '2.17']",2019-08-14
Lillestrom,Mjondalen,3:2,"['2.24', '3.30', '3.14']",2019-08-12
Kristiansund,Odd,1:1,"['3.04', '3.27', '2.32']",2019-08-11
Stromsgodset,Valerenga,3:2,"['2.93', '3.46', '2.29']",2019-08-11
Haugesund,Ranheim,0:1,"['1.68', '3.79', '4.82']",2019-08-11
Bodo/Glimt,Viking,2:1,"['1.52', '4.34', '5.62']",2019-08-11
Rosenborg,Tromso,5:2,"['1.45', '4.53', '6.48']",2019-08-10
Stromsgodset,Bodo/Glimt,1:3,"['3.43', '3.65', '2.00']",2019-08-05
Ranheim,Brann,0:3,"['3.53', '3.37', '2.05']",2019-08-04
Stabaek,Haugesund,1:1,"['2.74', '3.26', '2.53']",2019-08-04
Tromso,Mjondalen,2:2,"['2.37', '3.30', '2.93']",2019-08-04
Valerenga,Kristiansund,1:1,"['1.61', '4.00', '5.17']",2019-08-04
Viking,Molde,0:2,"['3.67', '3.94', '1.85']",2019-08-04
Odd,Lillestrom,2:1,"['1.59', '3.88', '5.55']",2019-08-03
Sarpsborg 08,Rosenborg,1:1,"['3.00', '3.26', '2.35']",2019-08-03
Molde,Sarpsborg 08,2:1,"['1.49', '4.44', '5.84']",2019-07-21
Brann,Stabaek,2:1,"['1.47', '4.32', '6.47']",2019-07-21
Stabaek,Sarpsborg 08,3:3,"['3.12', '3.29', '2.27']",2019-07-15
Haugesund,Tromso,5:1,"['1.83', '3.42', '4.42']",2019-07-14
Lillestrom,Stromsgodset,2:1,"['1.88', '3.46', '4.09']",2019-07-14
Mjondalen,Odd,2:0,"['3.51', '3.37', '2.06']",2019-07-14
Bodo/Glimt,Ranheim,5:1,"['1.50', '4.34', '5.94']",2019-07-13
Rosenborg,Viking,5:1,"['1.41', '4.61', '7.02']",2019-07-13
Odd,Stabaek,2:1,"['1.44', '4.35', '7.08']",2019-07-10
Tromso,Sarpsborg 08,2:0,"['3.19', '3.31', '2.23']",2019-07-05
Viking,Haugesund,0:0,"['2.01', '3.62', '3.42']",2019-07-05
Valerenga,Bodo/Glimt,6:0,"['2.44', '3.55', '2.68']",2019-07-05
Odd,Molde,2:2,"['2.32', '3.41', '2.93']",2019-07-05
Stromsgodset,Stabaek,0:2,"['1.82', '3.59', '4.17']",2019-07-05
Brann,Mjondalen,0:0,"['1.51', '4.19', '6.08']",2019-07-05
Kristiansund,Lillestrom,5:2,"['1.97', '3.44', '3.77']",2019-07-05
Ranheim,Rosenborg,2:3,"['3.97', '3.49', '1.90']",2019-07-04
Sarpsborg 08,Stromsgodset,2:2,"['1.65', '3.79', '5.12']",2019-07-01
Mjondalen,Viking,1:1,"['2.31', '3.64', '2.79']",2019-06-30
Molde,Brann,1:1,"['1.99', '3.59', '3.49']",2019-06-30
Stabaek,Ranheim,0:0,"['2.62', '3.17', '2.71']",2019-06-30
Lillestrom,Tromso,4:0,"['2.11', '3.28', '3.49']",2019-06-30
Haugesund,Valerenga,1:4,"['2.36', '3.22', '3.01']",2019-06-30
Bodo/Glimt,Odd,3:0,"['2.27', '3.32', '3.09']",2019-06-30
Rosenborg,Kristiansund,1:0,"['1.57', '3.89', '5.78']",2019-06-29
Brann,Lillestrom,1:0,"['1.33', '4.92', '8.81']",2019-06-23
Kristiansund,Stabaek,0:1,"['1.58', '3.98', '5.48']",2019-06-23
Odd,Haugesund,3:1,"['1.78', '3.52', '4.56']",2019-06-23
Ranheim,Mjondalen,1:1,"['2.29', '3.38', '3.01']",2019-06-23
Tromso,Rosenborg,1:0,"['3.78', '3.34', '2.00']",2019-06-23
Valerenga,Sarpsborg 08,1:1,"['2.15', '3.41', '3.26']",2019-06-23
Viking,Bodo/Glimt,3:4,"['2.80', '3.49', '2.37']",2019-06-23
Stromsgodset,Molde,0:4,"['3.61', '3.66', '1.93']",2019-06-22
Stabaek,Tromso,0:1,"['2.17', '3.39', '3.21']",2019-06-17
Bodo/Glimt,Stromsgodset,2:0,"['1.47', '4.47', '6.13']",2019-06-16
Lillestrom,Viking,0:2,"['2.19', '3.47', '3.10']",2019-06-16
Mjondalen,Kristiansund,1:1,"['2.60', '3.27', '2.67']",2019-06-16
Molde,Ranheim,2:0,"['1.27', '5.66', '9.61']",2019-06-16
Rosenborg,Valerenga,3:0,"['1.90', '3.49', '3.99']",2019-06-16
Sarpsborg 08,Odd,2:0,"['2.63', '3.17', '2.69']",2019-06-16
Haugesund,Brann,1:1,"['2.95', '3.20', '2.41']",2019-06-15
Brann,Rosenborg,0:1,"['1.69', '3.67', '5.02']",2019-05-26
Mjondalen,Haugesund,1:4,"['2.80', '3.25', '2.50']",2019-05-26
Ranheim,Stromsgodset,1:0,"['2.27', '3.40', '3.02']",2019-05-26
Tromso,Molde,2:1,"['4.83', '4.09', '1.63']",2019-05-26
Valerenga,Lillestrom,0:3,"['1.48', '4.37', '6.11']",2019-05-25
Molde,Viking,5:1,"['1.37', '4.89', '7.50']",2019-05-20
Bodo/Glimt,Brann,1:2,"['2.56', '3.34', '2.67']",2019-05-19
Haugesund,Kristiansund,0:0,"['1.69', '3.76', '4.83']",2019-05-19
Lillestrom,Odd,0:3,"['3.40', '3.28', '2.15']",2019-05-19
Rosenborg,Mjondalen,3:2,"['1.63', '3.82', '5.32']",2019-05-19
Sarpsborg 08,Ranheim,1:3,"['1.43', '4.34', '7.35']",2019-05-19
Stromsgodset,Tromso,3:1,"['1.91', '3.44', '4.01']",2019-05-19
Viking,Stabaek,3:0,"['1.67', '3.91', '4.76']",2019-05-16
Valerenga,Stromsgodset,2:0,"['1.67', '3.92', '4.73']",2019-05-16
Rosenborg,Haugesund,0:2,"['1.88', '3.39', '4.19']",2019-05-16
Tromso,Bodo/Glimt,1:2,"['3.60', '3.58', '1.97']",2019-05-16
Mjondalen,Lillestrom,2:2,"['2.14', '3.43', '3.26']",2019-05-16
Odd,Ranheim,1:0,"['1.38', '4.51', '8.16']",2019-05-16
Brann,Sarpsborg 08,2:1,"['1.88', '3.38', '4.21']",2019-05-16
Kristiansund,Molde,3:2,"['3.28', '3.44', '2.12']",2019-05-16
Stromsgodset,Viking,0:0,"['1.92', '3.66', '3.68']",2019-05-13
Sarpsborg 08,Kristiansund,0:1,"['1.60', '3.86', '5.52']",2019-05-12
Stabaek,Brann,0:1,"['3.99', '3.43', '1.91']",2019-05-12
Tromso,Odd,1:2,"['2.98', '3.28', '2.35']",2019-05-12
Ranheim,Valerenga,1:5,"['3.19', '3.28', '2.23']",2019-05-12
Molde,Mjondalen,1:0,"['1.30', '5.39', '8.82']",2019-05-12
Haugesund,Bodo/Glimt,1:1,"['2.09', '3.44', '3.40']",2019-05-12
Lillestrom,Rosenborg,1:1,"['3.13', '3.24', '2.29']",2019-05-11
Viking,Valerenga,1:1,"['2.73', '3.44', '2.43']",2019-05-06
Bodo/Glimt,Lillestrom,4:0,"['1.58', '4.08', '5.35']",2019-05-05
Brann,Ranheim,0:1,"['1.36', '4.81', '8.19']",2019-05-05
Haugesund,Molde,1:2,"['2.73', '3.24', '2.57']",2019-05-05
Kristiansund,Tromso,1:0,"['1.82', '3.64', '4.14']",2019-05-05
Odd,Stromsgodset,2:1,"['1.78', '3.60', '4.45']",2019-05-05
Rosenborg,Sarpsborg 08,1:0,"['2.20', '3.11', '3.43']",2019-05-05
Mjondalen,Stabaek,1:0,"['2.02', '3.50', '3.50']",2019-05-04
Valerenga,Odd,1:0,"['2.28', '3.30', '3.10']",2019-04-29
Molde,Rosenborg,3:0,"['1.92', '3.66', '3.73']",2019-04-28
Ranheim,Viking,5:2,"['2.78', '3.23', '2.52']",2019-04-28
Stabaek,Bodo/Glimt,2:0,"['3.26', '3.48', '2.12']",2019-04-28
Stromsgodset,Kristiansund,2:3,"['1.79', '3.68', '4.28']",2019-04-28
Tromso,Brann,1:2,"['3.35', '3.39', '2.12']",2019-04-28
Lillestrom,Haugesund,1:0,"['2.49', '3.12', '2.92']",2019-04-28
Sarpsborg 08,Mjondalen,1:1,"['1.44', '4.38', '6.96']",2019-04-27
Odd,Viking,1:0,"['1.61', '3.99', '5.16']",2019-04-23
Lillestrom,Molde,0:2,"['3.09', '3.43', '2.22']",2019-04-22
Rosenborg,Stromsgodset,0:0,"['1.61', '3.91', '5.30']",2019-04-22
Mjondalen,Tromso,1:1,"['2.09', '3.44', '3.37']",2019-04-22
Bodo/Glimt,Sarpsborg 08,1:1,"['2.21', '3.38', '3.16']",2019-04-22
Kristiansund,Ranheim,0:0,"['1.74', '3.62', '4.68']",2019-04-22
Haugesund,Stabaek,3:0,"['1.68', '3.73', '4.94']",2019-04-22
Brann,Valerenga,1:1,"['1.64', '3.86', '5.08']",2019-04-22
Sarpsborg 08,Lillestrom,1:0,"['1.80', '3.51', '4.45']",2019-04-14
Stabaek,Rosenborg,3:1,"['3.58', '3.25', '2.10']",2019-04-14
Valerenga,Tromso,4:1,"['1.57', '4.11', '5.37']",2019-04-14
Ranheim,Haugesund,0:2,"['2.73', '3.15', '2.62']",2019-04-14
Odd,Kristiansund,2:0,"['1.61', '3.82', '5.51']",2019-04-14
Bodo/Glimt,Molde,3:2,"['2.89', '3.51', '2.30']",2019-04-14
Viking,Brann,2:1,"['3.18', '3.36', '2.21']",2019-04-13
Stromsgodset,Mjondalen,2:3,"['1.71', '3.86', '4.52']",2019-04-12
Brann,Kristiansund,2:1,"['1.51', '4.13', '6.26']",2019-04-10
Molde,Valerenga,4:1,"['1.40', '4.58', '7.30']",2019-04-10
Rosenborg,Odd,1:1,"['1.84', '3.43', '4.33']",2019-04-08
Tromso,Viking,0:2,"['2.07', '3.45', '3.44']",2019-04-07
Molde,Stabaek,3:0,"['1.33', '5.10', '8.65']",2019-04-07
Lillestrom,Ranheim,2:1,"['1.64', '3.84', '5.09']",2019-04-07
Kristiansund,Valerenga,2:0,"['3.07', '3.35', '2.27']",2019-04-07
Haugesund,Sarpsborg 08,1:1,"['2.72', '3.28', '2.54']",2019-04-07
Brann,Stromsgodset,1:1,"['1.68', '3.81', '4.83']",2019-04-07
Mjondalen,Bodo/Glimt,4:5,"['2.83', '3.31', '2.44']",2019-04-06
Stabaek,Lillestrom,1:1,"['2.73', '3.28', '2.53']",2019-04-01
Bodo/Glimt,Rosenborg,2:0,"['2.95', '3.28', '2.37']",2019-03-31
Ranheim,Tromso,1:2,"['2.31', '3.36', '2.99']",2019-03-31
Sarpsborg 08,Molde,1:1,"['2.61', '3.29', '2.64']",2019-03-31
Stromsgodset,Haugesund,3:2,"['1.99', '3.38', '3.74']",2019-03-31
Viking,Kristiansund,2:0,"['2.07', '3.45', '3.43']",2019-03-31
Odd,Brann,3:2,"['2.38', '3.11', '3.10']",2019-03-30
Valerenga,Mjondalen,2:0,"['1.63', '3.83', '5.27']",2019-03-30
